{
  "rul_windows": 0,
  "trend_slope": 0.5134442459224459,
  "current_error": 47.03658676147461,
  "critical_threshold": 0.8142406344413757,
  "rul_hours": 0.0,
  "message": "Estimated RUL: 0 windows (0 hours)"
}