{
  "rul_hours": 0.0,
  "rul_windows": 0,
  "trend_slope": 0.021729283076688075,
  "current_error": 1.5573655433373281,
  "critical_threshold": 1.1909273071075839,
  "baseline_error": 0.5954636535537919,
  "message": "Error above critical threshold \u2014 immediate action required"
}